University,Total students,PG students1,UG students1,International students,UG students2,PG students2,Total faculty staff,Domestic staff,International staff
Massachusetts Institute of Technology (MIT),11145,60%,40%,3732,17%,83%,3009,1313,1696
Stanford University,16135,56%,44%,3665,17%,83%,4366,2251,2115
Harvard University,22727,69%,31%,5495,15%,85%,4542,3159,1383
University of Oxford,20631,44%,56%,8005,28%,72%,6564,3438,3126
California Institute of Technology (Caltech),2239,56%,44%,667,13%,87%,1009,602,407
ETH Zurich - Swiss Federal Institute of Technology,18003,52%,48%,6863,26%,74%,2621,718,1903
University of Cambridge,19203,37%,63%,7049,39%,61%,5601,2852,2749
UCL,32795,46%,54%,16745,47%,53%,6532,3606,2926
Imperial College London,16797,43%,57%,9395,47%,53%,3883,1783,2100
University of Chicago,13924,57%,43%,3676,24%,76%,2509,1860,649
Nanyang Technological University Singapore (NTU),25088,18.30%,81.70%,6719,50.10%,49.90%,4216,1314,2902
National University of Singapore (NUS),30226,18.70%,81.30%,7787,48.20%,51.80%,4766,1684,3082
Princeton University,8017,35%,65%,1793,35%,65%,987,746,241
Cornell University,22144,35%,65%,5446,38%,62%,2730,1752,978
University of Pennsylvania,20852,53%,47%,4450,28%,72%,5703,4271,1432
Tsinghua University,36403,58.80%,41.20%,4638,49%,51%,5716,4321,1395
Yale University,12927,56%,44%,2633,23%,77%,5107,3562,1545
Columbia University,26160,70%,30%,8966,14%,86%,6315,5334,981
EPFL - Ecole Polytechnique Federale de Lausanne,10492,48%,52%,6155,44%,56%,1744,370,1374
The University of Edinburgh,29222,29%,71%,11307,51%,49%,4215,2494,1721
University of Michigan,43874,34%,66%,7755,36%,64%,7255,5140,2115
Peking University,43242,61.50%,38.50%,8051,49.80%,50.20%,5019,3746,1273
The University of Tokyo,27407,48.90%,51.10%,3217,13.90%,86.10%,4522,4242,280
Johns Hopkins University,16657,66%,34%,4346,19%,81%,4593,3461,1132
Duke University,15086,57%,43%,2849,23%,77%,3037,2824,213
The University of Hong Kong,20203,34.50%,65.50%,8285,45.70%,54.30%,3013,926,2087
The University of Manchester,37577,28%,72%,14519,56%,44%,4891,3143,1748
University of California Berkeley (UCB),40056,26%,74%,6741,59%,41%,2773,1402,1371
The Australian National University,16677,41%,59%,7001,39%,61%,1638,705,933
University of Toronto,73064,22%,78%,22936,79%,21%,9394,5702,3692
Northwestern University,18924,55%,45%,3566,22%,78%,4525,3336,1189
The Hong Kong University of Science and Technology,10666,15.50%,84.50%,3051,52.60%,47.40%,1213,320,893
King's College London,25977,36%,64%,11145,54%,46%,3730,2108,1622
Kyoto University,23081,42.50%,57.50%,2206,10.70%,89.30%,3947,3622,325
McGill University,29102,24%,76%,9950,69%,31%,3677,2442,1235
University of California Los Angeles (UCLA),43800,29%,71%,6955,52%,48%,4079,3261,818
Seoul National University,28482,40.80%,59.20%,2295,50.90%,49.10%,4226,3807,419
The University of Melbourne,44365,47%,53%,20200,45%,55%,3374,1968,1406
New York University (NYU),44433,43%,57%,14013,41%,59%,7985,6847,1138
Fudan University,31354,52.30%,47.70%,4769,64.50%,35.50%,4481,2912,1569
KAIST - Korea Advanced Institute of Science & Technology,9812,61.70%,38.30%,620,36%,64%,1323,1173,150
The University of Sydney,44817,38%,62%,23415,50%,50%,3318,1461,1857
The University of New South Wales (UNSW Sydney),40326,28%,72%,14448,49%,51%,2930,1248,1682
The London School of Economics and Political Science (LSE),10357,54%,46%,7288,34%,66%,947,357,590
University of California San Diego (UCSD),33935,19%,81%,7928,67%,33%,3868,2988,880
The Chinese University of Hong Kong (CUHK),17705,14.20%,85.80%,5551,71.80%,28.20%,2300,1149,1151
The University of Queensland,39436,27%,73%,18546,58%,42%,3164,1302,1862
Carnegie Mellon University,13991,52%,48%,6683,28%,72%,1360,943,417
University of Bristol,21906,22%,78%,4715,54%,46%,2847,1989,858
Delft University of Technology,17703,51%,49%,4967,14%,86%,1771,1000,771
University of British Columbia,52970,16%,84%,13136,77%,23%,4702,3059,1643
City University of Hong Kong,9566,26.70%,73.30%,3409,45.30%,54.70%,1488,419,1069
Universit?PSL,20234,75%,25%,5430,21%,79%,4555,3479,1076
Zhejiang University,33650,51.30%,48.70%,7109,55.80%,44.20%,5408,2840,2568
Technical University of Munich,39323,48%,52%,9894,37%,63%,5925,4676,1249
University of Wisconsin-Madison,39282,26%,74%,5145,52%,48%,5810,4597,1213
Brown University,9564,30%,70%,1880,49%,51%,1314,891,423
Monash University,57764,22%,78%,23463,55%,45%,3462,1597,1865
Tokyo Institute of Technology,9962,51.80%,48.20%,1214,19.70%,80.30%,1538,1342,196
Ecole Polytechnique,2908,74%,26%,1058,16%,84%,649,402,247
Shanghai Jiao Tong University,40830,55%,45%,3542,61%,39%,3702,2699,1003
The University of Warwick,20884,30%,70%,8504,52%,48%,2388,1363,1025
Ludwig-Maximilians-Universität München,34689,36%,64%,5244,56%,44%,3671,2890,781
University of Amsterdam,23962,38%,62%,3711,30%,70%,2651,1904,747
University of Texas at Austin,48485,22%,78%,4973,40%,60%,2856,2745,111
Ruprecht-Karls-Universität Heidelberg,20800,24%,76%,3804,55%,45%,3908,3152,756
University of Glasgow,25150,28%,72%,8749,49%,51%,2829,1788,1041
University of Washington,52346,26%,74%,7863,66%,34%,2796,2215,581
National Taiwan University (NTU),30625,45.90%,54.10%,3078,60.40%,39.60%,2804,2581,223
Universiti Malaya (UM),15140,33.30%,66.70%,3082,26.90%,73.10%,2464,2008,456
Osaka University,22520,34.40%,65.60%,1943,28.40%,71.60%,3095,2770,325
Georgia Institute of Technology,22007,36%,64%,5022,29%,71%,1197,848,349
University of Copenhagen,31177,49%,51%,3869,39%,61%,7290,4746,2544
Universidad de Buenos Aires (UBA),122298,7%,93%,null,null,null,16419,null,null
University of Illinois at Urbana-Champaign,43283,25%,75%,9775,51%,49%,2639,2390,249
University of Zurich,26472,49%,51%,5263,28%,72%,5160,2430,2730
Sorbonne University,41777,49%,51%,7851,37%,63%,4643,3908,735
Durham University,17259,22%,78%,4903,52%,48%,1539,953,586
The University of Sheffield,26429,28%,72%,8540,50%,50%,3082,2077,1005
KU Leuven,45422,51%,49%,6973,22%,78%,2569,1719,850
University of Birmingham,29112,29%,71%,8363,47%,53%,3062,2008,1054
Tohoku University,17911,38.70%,61.30%,1710,15.70%,84.30%,3363,3124,239
Korea University,25226,22.60%,77.40%,4137,85.20%,14.80%,3700,3402,298
Lomonosov Moscow State University,30904,34.70%,65.30%,5805,81.40%,18.60%,6536,6019,517
Rice University,6752,42%,58%,1854,33%,67%,976,653,323
The University of Western Australia,18431,38%,62%,8624,54%,46%,1345,513,832
Pohang University of Science And Technology (POSTECH),3114,55.10%,44.90%,null,null,null,681,563,118
The University of Auckland,29981,18%,82%,9110,69%,31%,2078,1423,655
University of Science and Technology of China,16152,54.40%,45.60%,685,3.50%,96.50%,2065,1907,158
University of North Carolina  Chapel Hill,26211,31%,69%,1980,46%,54%,4733,4119,614
The Hong Kong Polytechnic University,21870,28.80%,71.20%,5483,35.90%,64.10%,2566,1359,1207
Lund University,27786,31%,69%,6408,45%,55%,3031,2029,1002
Pennsylvania State University,45218,12%,88%,7003,66%,34%,3456,3216,240
University of Leeds,30842,24%,76%,8046,44%,56%,3130,2183,947
Sungkyunkwan University (SKKU),23142,23%,77%,3228,77.80%,22.20%,3462,3131,331
University of Nottingham,29928,22%,78%,8044,57%,43%,3357,2147,1210
University of Southampton,23197,26%,74%,6587,47%,53%,2730,1697,1033
Boston University,26508,38%,62%,7479,57%,43%,3277,2883,394
KTH Royal Institute of Technology,13254,42%,58%,2124,11%,89%,1488,878,610
University of St Andrews,9290,21%,79%,4226,69%,31%,1130,625,505
The Ohio State University,43603,26%,74%,6841,64%,36%,6023,4281,1742
Eindhoven University of Technology,8535,48%,52%,1464,19%,81%,787,461,326
Universidad Nacional Autónoma de México  (UNAM),143714,20.70%,79.30%,null,null,null,14712,null,null
University of California  Davis,35430,18%,82%,7236,77%,23%,2999,2373,626
Yonsei University,24588,25.50%,74.50%,3671,85%,15%,3575,3283,292
The University of Adelaide,21246,24%,76%,8366,60%,40%,1732,1017,715
University of Helsinki,22419,41%,59%,1234,15%,85%,2645,2110,535
Trinity College Dublin  The University of Dublin,14798,22%,78%,4487,64%,36%,1350,761,589
Washington University in St. Louis,13474,48%,52%,2706,20%,80%,2952,2109,843
University of Geneva,16296,48%,52%,6239,39%,61%,1769,725,1044
Purdue University,37670,21%,79%,8431,59%,41%,3247,1913,1334
Technical University of Denmark,9116,49%,51%,2311,14%,86%,2117,1149,968
University of Alberta,31928,21%,79%,8295,62%,38%,3592,2300,1292
University of Groningen,28815,36%,64%,11875,52%,48%,3302,2108,1194
Nagoya University,15777,38.10%,61.90%,1645,18.10%,81.90%,2704,2477,227
Universidade de São Paulo,66203,45.50%,54.50%,null,null,null,5175,null,null
Uppsala University,25199,30%,70%,3760,40%,60%,2490,1914,576
Leiden University,28908,39%,61%,4696,46%,54%,2440,1768,672
University of Oslo,17832,67%,33%,2598,20%,80%,2545,1799,746
Humboldt-Universität zu Berlin,34614,36%,64%,5076,43%,57%,1972,1549,423
Nanjing University,33250,56.80%,43.20%,2963,59.30%,40.70%,2520,1858,662
Utrecht University,32794,39%,61%,3815,43%,57%,3210,2731,479
University of Bern,9336,55%,45%,1618,16%,84%,1181,532,649
KIT  Karlsruhe Institute of Technology,24758,42%,58%,5166,46%,54%,1989,1557,432
Wageningen University & Research,13391,58%,42%,3750,5%,95%,2292,1949,343
Queen Mary University of London,17663,24%,76%,7359,60%,40%,1378,819,559
Pontificia Universidad Católica de Chile (UC),27694,14.40%,85.60%,null,null,null,2305,null,null
Lancaster University,12699,25%,75%,4696,63%,37%,1310,808,502
University of Southern California,30617,47%,53%,9595,26%,74%,3185,2643,542
Freie Universitaet Berlin,33812,38%,62%,6036,45%,55%,1377,1068,309
Ghent University,36453,45%,55%,3730,19%,81%,5321,4146,1175
Hokkaido University,17613,34.60%,65.40%,1459,12.60%,87.40%,2597,2363,234
Kyushu University,18707,37.20%,62.80%,1979,16%,84%,2858,2620,238
Aalto University,11916,55%,45%,1818,8%,92%,1244,863,381
University of California  Santa Barbara (UCSB),23983,11%,89%,2492,72%,28%,1472,1200,272
University of Maryland  College Park,35670,25%,75%,4522,24%,76%,3712,3243,469
Universit?de Montréal,36386,34%,66%,8027,59%,41%,4794,2895,1899
RWTH Aachen University,45377,47%,53%,9651,38%,62%,3175,2692,483
CentraleSupélec,3663,73%,27%,1097,19%,81%,544,403,141
Chalmers University of Technology,9209,45%,55%,1821,18%,82%,1124,663,461
McMaster University,25404,14%,86%,4035,73%,27%,3481,1867,1614
University of Pittsburgh,26534,31%,69%,2899,24%,76%,5087,4462,625
University of Technology Sydney,24453,25%,75%,7944,53%,47%,1302,730,572
Michigan State University,44794,19%,81%,7190,70%,30%,2971,2295,676
Aarhus University,26843,43%,57%,2959,37%,63%,3402,2266,1136
Newcastle University,22466,24%,76%,5674,49%,51%,2564,1652,912
Technische Universität Berlin (TU Berlin),null,null,null,null,null,null,2080,null,null
University of York,16714,22%,78%,3696,43%,57%,1832,1195,637
Politecnico di Milano,35907,40%,60%,5891,25%,75%,1545,1281,264
Hanyang University,23318,8.60%,91.40%,3442,73.60%,26.40%,3116,2751,365
University of Basel,12873,50%,50%,3508,35%,65%,1057,383,674
Indian Institute of Technology Bombay (IITB),9651,56.70%,43.30%,91,12.10%,87.90%,925,904,21
University of Lausanne,12157,42%,58%,2836,46%,54%,1373,730,643
Cardiff University,26020,24%,76%,6625,52%,48%,2810,2105,705
University of Vienna,45984,39%,61%,14584,55%,45%,3505,1998,1507
Emory University,13012,48%,52%,2229,52%,48%,2770,2242,528
University of Minnesota,56758,25%,75%,6002,57%,43%,4930,4719,211
Tecnológico de Monterrey,14209,14.80%,85.20%,null,null,null,2136,null,null
Universiti Putra Malaysia (UPM),19002,42.80%,57.20%,4524,23.40%,76.60%,2274,1819,455
École Normale Supérieure de Lyon,2110,86%,14%,253,5%,95%,380,282,98
Universiti Kebangsaan Malaysia (UKM),16977,32.30%,67.70%,2551,24.50%,75.50%,2432,2028,404
The Hebrew University of Jerusalem,15663,41%,59%,1249,43%,57%,2165,1647,518
University of Bergen,11653,57%,43%,964,21%,79%,1596,1083,513
The University of Exeter,21826,18%,82%,5827,67%,33%,1908,1231,677
Universitat de Barcelona,46214,19%,81%,6304,60%,40%,3923,3789,134
Universiti Sains Malaysia (USM),18141,36.40%,63.60%,2711,33.40%,66.60%,2427,2081,346
Universit?catholique de Louvain (UCL),24585,51%,49%,4491,44%,56%,1261,834,427
University of Florida,45456,30%,70%,4284,15%,85%,5658,5108,550
Eberhard Karls Universität Tübingen,27179,56%,44%,3920,30%,70%,4199,3289,910
Albert-Ludwigs-Universitaet Freiburg,23214,43%,57%,3897,49%,51%,1966,1553,413
University of Rochester,9681,38%,62%,2833,48%,52%,2729,2143,586
University of Bath,15414,18%,82%,4672,65%,35%,1206,712,494
National Tsing Hua University,13542,37%,63%,1279,37.20%,62.80%,1020,885,135
Queen's University Belfast,17955,19%,81%,6326,74%,26%,1719,921,798
University of Waterloo,36626,14%,86%,9861,75%,25%,1741,1254,487
University of Otago,18455,18%,82%,3956,68%,32%,1289,516,773
Scuola Superiore Sant'Anna Pisa di Studi Universitari e di Perfezionamento,737,75%,25%,124,null,100%,122,121,1
Alma Mater Studiorum - University of Bologna,65517,43%,57%,5430,52%,48%,2764,2614,150
Case Western Reserve University,10820,53%,47%,2586,37%,63%,1945,1569,376
Technische Universität Dresden,32944,75%,25%,4793,15%,85%,4583,3936,647
University of Liverpool,23785,17%,83%,7806,74%,26%,2514,1719,795
Indian Institute of Technology Delhi (IITD),7793,51.30%,48.70%,null,null,null,545,537,8
Erasmus University Rotterdam,24375,38%,62%,5611,53%,47%,2303,1704,599
Indian Institute of Science,3991,88.90%,11.10%,46,4.30%,95.70%,430,428,2
University College Dublin,20659,24%,76%,4406,51%,49%,1588,968,620
King Abdulaziz University (KAU),33492,15.80%,84.20%,7042,69.20%,30.80%,4162,2282,1880
University of Twente,9840,44%,56%,2422,54%,46%,944,613,331
Universitat Autònoma de Barcelona,31536,24%,76%,3941,32%,68%,2172,1926,246
Texas A&M University,59643,22%,78%,4920,12%,88%,3653,3292,361
Universidad de Chile,40494,19.50%,77.70%,null,null,null,2300,null,null
Stockholm University,27716,24%,76%,2583,50%,50%,2208,1546,662
Vienna University of Technology,17865,36%,64%,5433,60%,40%,724,537,187
Universidad Autónoma de Madrid,28543,27%,73%,3371,52%,48%,2834,2667,167
University of Aberdeen,12235,22%,78%,4225,62%,38%,1221,716,505
Vrije Universiteit Brussel (VUB),10815,52%,48%,2313,19%,81%,1714,1200,514
Waseda University,45762,17.40%,82.60%,6444,52.40%,47.60%,3838,3358,480
University of Göttingen,30402,33%,67%,3736,38%,62%,3678,3037,641
University of Cape Town,20757,27.50%,72.50%,3431,54.50%,45.50%,1691,1258,433
University of Virginia,22232,30%,70%,2036,35%,65%,2608,2501,107
Keio University,33530,14.50%,85.50%,2310,54.80%,45.20%,3872,3614,258
King Fahd University of Petroleum & Minerals,6179,12.30%,87.70%,891,49.20%,50.80%,1014,278,736
Vanderbilt University,12006,43%,57%,1735,47%,53%,4384,3897,487
Sapienza University of Rome,73992,45%,55%,4547,47%,53%,3372,3279,93
Scuola Normale Superiore di Pisa,558,69%,31%,62,null,100%,186,168,18
University of Reading,14521,24%,76%,4403,57%,43%,1299,827,472
University of Colorado Boulder,31372,12%,88%,2732,74%,26%,3829,3256,573
Al-Farabi Kazakh National University,16765,19.30%,80.70%,1885,88.20%,11.80%,3358,2895,463
Dartmouth College,6337,32%,68%,937,40%,60%,834,812,22
The University of Newcastle  Australia (UON),12367,9%,91%,3263,46%,54%,1057,548,509
University of Notre Dame,12221,31%,69%,1268,39%,61%,1521,1308,213
The University of Western Ontario,29772,20%,80%,5406,67%,33%,1482,782,700
Complutense University of Madrid,53932,18%,82%,6910,69%,31%,4764,4685,79
University of Wollongong,19129,25%,75%,5383,41%,59%,1351,857,494
Universidade Estadual de Campinas (Unicamp),27094,43.60%,52.30%,null,null,null,1996,null,null
Arizona State University,47503,16%,84%,9722,65%,35%,2578,1990,588
Victoria University of Wellington,17227,21%,79%,3436,65%,35%,1017,560,457
Radboud University,19742,40%,60%,2475,53%,47%,2010,1611,399
Universiti Teknologi Malaysia,15956,25.80%,74.20%,3156,18.20%,81.80%,2297,2032,265
Tel Aviv University,21661,38%,62%,1019,40%,60%,1035,889,146
University of California  Irvine,34639,16%,84%,9420,79%,21%,1979,1603,376
Vrije Universiteit Amsterdam,22442,42%,58%,1888,28%,72%,2143,1801,342
Loughborough University,16127,22%,78%,4012,47%,53%,1351,961,390
University of Antwerp,15096,42%,58%,2423,39%,61%,2526,1948,578
Queensland University of Technology (QUT),34842,14%,86%,5559,58%,42%,1897,1078,819
National Cheng Kung University (NCKU),20623,42.80%,57.20%,2640,59.40%,40.60%,1972,1813,159
Georgetown University,15566,55%,45%,2629,31%,69%,1906,1721,185
National Chiao Tung University,10467,50%,50%,1686,43.80%,56.20%,1087,924,163
Universität Hamburg,29584,36%,64%,3452,46%,54%,3323,2824,499
University of Canterbury,11851,17%,83%,2580,64%,36%,734,391,343
Curtin University,25251,16%,84%,5019,60%,40%,1866,656,1210
Novosibirsk State University,7532,29.40%,70.60%,1357,69.70%,30.30%,1163,1126,37
University of Illinois at Chicago (UIC),25921,35%,65%,2856,16%,84%,2598,2431,167
University of Calgary,31067,19%,81%,6356,63%,37%,2689,1860,829
Saint Petersburg State University,21452,43.70%,56.30%,2875,48.80%,51.20%,3535,3422,113
Universidad de los Andes,15921,14.80%,85.20%,null,null,null,1123,null,null
Universit?di Padova,44176,40%,60%,1998,52%,48%,2547,2397,150
Macquarie University,23866,24%,76%,8776,57%,43%,1737,1004,733
RMIT University,34987,24%,76%,10346,53%,47%,2025,879,1146
Maastricht University,16854,36%,64%,8734,69%,31%,1214,717,497
Queen's University at Kingston,23057,18%,82%,2587,54%,46%,1161,852,309
University of Leicester,14725,22%,78%,4460,58%,42%,1494,1015,479
Sciences Po,10699,55%,45%,4211,44%,56%,1640,1310,330
Rheinische Friedrich-Wilhelms-Universität Bonn,38401,33%,67%,4724,39%,61%,3705,3124,581
American University of Beirut (AUB),8527,18.80%,81.20%,1877,84.50%,15.50%,1020,696,324
University of Navarra,10604,27%,73%,2131,41%,59%,1014,918,96
University of Sussex,15467,26%,74%,5695,57%,43%,1236,741,495
Chulalongkorn University,36878,31.70%,68.30%,874,35%,65%,2879,2661,218
Kyung Hee University,24199,15%,85%,3460,69.20%,30.80%,3555,3287,268
TELECOM ParisTech,null,null,null,null,null,null,null,null,null
Ecole des Ponts ParisTech,1951,79%,21%,1010,11%,89%,254,217,37
National Taiwan University of Science and Technology (Taiwan Tech),8169,43.10%,56.90%,1094,34.80%,65.20%,1066,979,87
Universite libre de Bruxelles,24064,51%,49%,7366,48%,52%,1304,1018,286
Tufts University,10836,50%,50%,1706,40%,60%,1483,1362,121
Universidad Nacional de Colombia,53879,17.50%,82.50%,null,null,null,2617,null,null
University of Paris,null,null,null,null,null,null,null,null,null
University of Gothenburg,26106,28%,72%,3203,48%,52%,2818,2363,455
Technion - Israel Institute of Technology,13315,28%,72%,846,41%,59%,978,766,212
Wuhan University,50250,43.90%,56.10%,3760,60.90%,39.10%,3759,3004,755
National University of Ireland Galway,13558,16%,84%,2690,75%,25%,1768,1169,599
Technische Universität Darmstadt,17824,43%,57%,3554,49%,51%,766,625,141
Hong Kong Baptist University,8972,24.30%,75.70%,2575,37.40%,62.60%,830,415,415
Rutgers University-New Brunswick,44655,23%,77%,5261,60%,40%,4113,3631,482
Universit?Paris-Sud,27132,47%,53%,4424,32%,68%,3754,3114,640
The University of Arizona,41564,17%,83%,3975,61%,39%,2694,2501,193
Tongji University,36176,52.10%,47.90%,4411,63.60%,36.40%,2726,1714,1012
Universität Innsbruck,14152,46%,54%,5685,55%,45%,1616,932,684
University of Waikato,9462,17%,83%,2429,68%,32%,593,348,245
Khalifa University,3295,15.90%,84.10%,657,54.60%,45.40%,469,56,413
Tomsk State University,7673,34.20%,65.80%,2241,58.30%,41.70%,1745,1552,193
University of Tsukuba,16702,40.50%,59.50%,2320,21.60%,78.40%,2037,1863,174
Deakin University,null,null,null,null,null,null,null,null,null
Indian Institute of Technology Madras (IITM),9189,62.40%,37.60%,62,32.30%,67.70%,736,718,18
University of Miami,15743,35%,65%,2468,59%,41%,1816,1740,76
University of South Australia,16635,13%,87%,3877,67%,33%,1385,249,1136
University of Surrey,14060,19%,81%,5001,67%,33%,1110,682,428
Qatar University,9189,7.10%,92.90%,3758,88.70%,11.30%,1046,201,845
Beijing Normal University,22592,51.90%,48.10%,4761,77.10%,22.90%,1907,1675,232
Harbin Institute of Technology,29931,45.90%,54.10%,2130,23.30%,76.70%,3221,3051,170
Universität Stuttgart,24923,44%,56%,5170,40%,60%,859,735,124
Dalhousie University,15131,23%,77%,3714,67%,33%,1141,541,600
Indian Institute of Technology Kharagpur (IIT-KGP),10530,49.40%,50.60%,null,null,null,739,701,38
King Saud University,38295,9.10%,90.90%,2765,79.40%,20.60%,4742,3014,1728
University of Ottawa,35367,22%,78%,6623,68%,32%,1648,1134,514
Bauman Moscow State Technical University,21461,56.40%,43.60%,1536,63.50%,36.50%,5270,5181,89
North Carolina State University,29420,25%,75%,4414,34%,66%,2534,1960,574
Universitat Pompeu Fabra,12368,18%,82%,1475,32%,68%,861,642,219
Massey University,17299,27%,73%,5049,59%,41%,1072,590,482
National Yang Ming University,4258,49.90%,50.10%,220,51.80%,48.20%,997,959,38
Sun Yat-sen University,52117,35.70%,64.30%,3164,75.10%,24.90%,5589,5280,309
University of Turku,12275,47%,53%,630,6%,94%,1443,1266,177
Charles University,49236,64.30%,35.70%,8480,20.90%,79.10%,4653,4242,411
Indian Institute of Technology Kanpur (IITK),6668,48.90%,51.10%,null,null,null,425,422,3
Royal Holloway University of London,9255,23%,77%,3390,66%,34%,735,424,311
Universität Frankfurt am Main,45365,28%,72%,6569,68%,32%,3384,3096,288
University of Tasmania,10845,29%,71%,3458,45%,55%,786,470,316
Universitas Indonesia,41170,42.40%,57.60%,1648,75.80%,24.20%,4141,2543,1598
University of Strathclyde,18464,29%,71%,4688,45%,55%,1427,912,515
Universidad Carlos III de Madrid (UC3M),17922,19%,81%,2458,51%,49%,2158,1833,325
Universiti Brunei Darussalam (UBD),2975,17.20%,82.80%,639,42.10%,57.90%,497,244,253
Universitat Politècnica de Catalunya ?BarcelonaTech (UPC),22632,24%,76%,2901,31%,69%,2422,2297,125
University of Tartu,10251,47.20%,52.80%,1038,14.50%,85.50%,1432,1289,143
Moscow Institute of Physics and Technology (MIPT / Moscow Phystech),5731,31.30%,68.70%,883,57.60%,42.40%,1121,988,133
University of Milan,46145,40%,60%,2033,79%,21%,2449,2305,144
University of Dundee,11973,22%,78%,2507,56%,44%,1468,987,481
Universit?Paris 1 Panthéon-Sorbonne,38000,44%,56%,9184,42%,58%,1330,1187,143
University of Massachusetts Amherst,25268,14%,86%,2198,51%,49%,1673,1514,159
Xi'an Jiaotong University,35424,46.60%,53.40%,2217,57.60%,42.40%,3516,3247,269
University of Cologne,37493,38%,62%,4944,48%,52%,3425,2799,626
SOAS University of London,4821,37%,63%,2414,51%,49%,462,194,268
University College Cork,15014,23%,77%,2619,66%,34%,1312,819,493
Graz University of Technology,6463,45%,55%,1204,50%,50%,1292,994,298
Ecole Normale Supérieure de Cachan,1845,84%,16%,265,2%,98%,302,273,29
Indiana University Bloomington,65696,21%,79%,7064,62%,38%,4978,4187,791
Heriot-Watt University,9336,25%,75%,3165,47%,53%,799,432,367
Mahidol University,29004,28.30%,71.70%,1153,30.40%,69.60%,2802,2596,206
Simon Fraser University,25178,13%,87%,7725,82%,18%,979,608,371
Universität Mannheim,10158,32%,68%,1401,48%,52%,336,278,58
University of East Anglia (UEA),15512,23%,77%,4209,59%,41%,1487,1038,449
Friedrich-Alexander-Universität Erlangen-Nürnberg,36941,50%,50%,4474,39%,61%,1109,973,136
Griffith University,31594,16%,84%,5923,65%,35%,1876,1073,803
Gadjah Mada University,38310,31.20%,68.80%,652,64.40%,35.60%,4445,3786,659
Gwangju Institute of Science and Technology (GIST),1922,64.80%,35.20%,114,1.80%,98.20%,175,166,9
National Research University Higher School of Economics (HSE University),29715,25.90%,74.10%,2456,63.30%,36.70%,5206,4929,277
Aalborg University,16991,44%,56%,2604,32%,68%,1698,1249,449
Linköping University,19276,38%,62%,1898,36%,64%,1554,1177,377
University of Hawai'i at Mañoa,14732,22%,78%,1524,63%,37%,1691,1313,378
Virginia Polytechnic Institute and State University,33517,20%,80%,3636,43%,57%,2618,2354,264
Birkbeck  University of London,8629,33%,67%,3292,66%,34%,642,385,257
National Research Nuclear University MEPhI (Moscow Engineering Physics Institute),6489,68.40%,31.60%,1542,30.20%,69.80%,1120,934,186
United Arab Emirates University,7521,9.70%,90.30%,1559,77.60%,22.40%,822,160,662
Bandung Institute of Technology (ITB),17516,26.20%,73.80%,307,51.10%,48.90%,1874,1579,295
Ewha Womans University,17264,21.80%,78.20%,2785,81.10%,18.90%,2500,2364,136
National Taiwan Normal University,10232,32%,68%,2262,67.80%,32.20%,1359,1251,108
Hiroshima University,15531,29.80%,70.20%,1403,9.60%,90.40%,2204,2064,140
IE University,null,null,null,null,null,null,null,null,null
George Washington University,21087,50%,50%,3744,32%,68%,1730,1461,269
Universitat Politècnica de València,19500,27%,73%,2623,44%,56%,3211,3099,112
Jagiellonian University,37842,55.70%,44.30%,2494,35.20%,64.80%,4052,3951,101
University of Lisbon,50938,41%,59%,7059,28%,72%,3039,2896,143
Umea University,14041,35%,65%,1188,47%,53%,1927,1676,251
Universität Jena,17310,null,null,2161,null,null,2772,null,null
University Ulm,10629,33%,67%,1414,47%,53%,1383,1146,237
University at Buffalo SUNY,28232,30%,70%,5605,50%,50%,1468,1000,468
Northeastern University,20849,33%,67%,7475,41%,59%,1653,1198,455
Pontificia Universidad Católica Argentina,17024,13.80%,86.20%,null,null,null,3603,null,null
University of Jyväskyl?10173,46%,54%,511,6%,94%,1500,1253,247,
Westfälische Wilhelms-Universität Münster,43685,52%,48%,2894,38%,62%,4230,3730,500
Politecnico di Torino,31734,36%,64%,4289,57%,43%,1174,1160,14
City  University of London,14100,34%,66%,5492,55%,45%,799,532,267
University of Warsaw,40658,44.50%,55.50%,3157,48.80%,51.20%,3608,3435,173
Belarusian State University,21935,15%,85%,2508,84.20%,15.80%,3716,3540,176
Universit?Grenoble-Alpes,41296,35%,65%,5328,40%,60%,2429,2162,267
University of Porto,27804,28%,72%,1719,26%,74%,1750,1692,58
University of Utah,25788,26%,74%,2090,46%,54%,3071,2719,352
University of Chemistry and Technology  Prague,4285,44.60%,55.40%,866,51.20%,48.80%,702,643,59
Lincoln University,2286,28%,72%,918,47%,53%,228,151,77
University of the Philippines,39300,24.10%,75.90%,230,44.30%,55.70%,4318,4290,28
Universidade Federal do Rio de Janeiro,54957,24.70%,75.30%,null,null,null,3999,null,null
Brunel University London,11891,20%,80%,4519,68%,32%,819,456,363
Norwegian University of Science And Technology,34815,53%,47%,3011,19%,81%,2859,2180,679
Stony Brook University  State University of New York,24026,27%,73%,6338,64%,36%,2188,1749,439
Tokyo Medical and Dental University (TMDU),2999,50.40%,49.60%,247,6.50%,93.50%,918,902,16
The Katz School at Yeshiva University,5438,51%,49%,416,29%,71%,983,null,null
University of Victoria (UVIC),20070,14%,86%,3786,75%,25%,839,533,306
Ural Federal University - UrFU,27437,31%,69%,3236,79.80%,20.20%,4720,4388,332
Moscow State Institute of International Relations (MGIMO University),7436,27.20%,72.80%,1365,70.70%,29.30%,1575,1467,108
University of California  Santa Cruz,18427,10%,90%,1239,61%,39%,949,842,107
Nankai University,28401,44.10%,55.90%,1661,62.10%,37.90%,2408,2099,309
University of Kent,18055,16%,84%,5205,70%,30%,1495,875,620
University of Essex,13965,20%,80%,5994,70%,30%,939,479,460
American University of Sharjah,5178,4.10%,95.90%,4229,95.90%,4.10%,388,1,387
University of Kansas,24284,27%,73%,2108,48%,52%,3372,3082,290
University of Southern Denmark,18628,40%,60%,2699,39%,61%,1747,1284,463
University of Oulu,9765,44%,56%,601,6%,94%,1105,956,149
Pakistan Institute of Engineering and Applied Sciences (PIEAS),919,51.10%,48.90%,null,null,null,163,null,null
Oxford Brookes University,15274,18%,82%,3867,67%,33%,903,710,193
James Cook University,15199,20%,80%,4173,62%,38%,919,591,328
University of Connecticut,24460,24%,76%,3371,44%,56%,1577,1194,383
Sultan Qaboos University,7321,11.10%,88.90%,259,48.60%,51.40%,861,422,439
Taipei Medical University (TMU),5800,19.60%,80.40%,588,70.90%,29.10%,952,838,114
Universit?de Strasbourg,45414,43%,57%,7681,46%,54%,2405,2027,378
Universiti Teknologi Brunei,1146,5.80%,94.20%,116,90.50%,9.50%,152,85,67
Indian Institute of Technology Roorkee (IITR),7562,46%,54%,null,null,null,473,null,null
Rensselaer Polytechnic Institute,7246,14%,86%,1246,57%,43%,602,505,97
Swinburne University of Technology,13052,21%,79%,3717,48%,52%,829,466,363
Universidad de Palermo (UP),7732,8%,92%,null,null,null,1014,null,null
National Research Tomsk Polytechnic University,9529,47.40%,52.60%,2490,61.80%,38.20%,1435,1301,134
University of Macau,9352,29.40%,70.60%,3258,38.90%,61.10%,647,103,544
University of Trento,12729,45%,55%,764,31%,69%,947,808,139
University of Pisa,32258,36%,64%,1349,64%,36%,1672,1601,71
University of Troms?The Arctic University of Norway,15440,35%,65%,1161,59%,41%,2073,1569,504
Kazan (Volga region) Federal University,29130,38.30%,61.70%,4625,76.40%,23.60%,3832,3692,140
RUDN University,23113,47.30%,52.70%,3581,89.10%,10.90%,2999,2910,89
University of Colorado  Denver,15308,39%,61%,1176,69%,31%,4829,4692,137
Kobe University,16144,28.20%,71.80%,947,11.60%,88.40%,1911,1806,105
Tampere University,null,null,null,null,null,null,null,null,null
The American University in Cairo,5722,9.10%,90.90%,206,68%,32%,565,371,194
University of St.Gallen (HSG),8337,45%,55%,2728,42%,58%,426,201,225
Wake Forest University,7775,37%,63%,779,65%,35%,2131,2042,89
Huazhong University of Science and Technology,56369,45.20%,54.80%,3037,43.30%,56.70%,3626,3389,237
La Trobe University,25588,20%,80%,8532,61%,39%,1176,667,509
National University of Sciences And Technology (NUST) Islamabad,10298,28%,72%,300,99%,1%,1312,1289,23
Universidad Austral,4250,22%,78%,null,null,null,633,null,null
University of Witwatersrand,27080,13%,87%,2051,56.90%,43.10%,1580,1081,499
Washington State University,27439,15%,85%,1995,52%,48%,1997,1520,477
University of Coimbra,21381,57%,43%,4073,43%,57%,1527,1439,88
HUFS - Hankuk (Korea) University of Foreign Studies,16320,12%,88%,2546,82%,18%,2312,1936,376
Sharif University of Technology,9435,47%,53%,22,null,100%,564,560,4
The University of Tennessee  Knoxville,26185,19%,81%,950,38%,62%,1868,1806,62
Johannes Gutenberg Universität Mainz,31772,50%,50%,3521,46%,54%,3349,2852,497
National Sun Yat-sen University,8451,45%,55%,486,49%,51%,685,626,59
Chung-Ang University (CAU),20008,18%,82%,2621,68.80%,31.20%,2703,2451,252
Johannes Kepler University Linz,6321,59%,41%,670,45%,55%,755,567,188
Shanghai University,34437,40.80%,59.20%,1130,42.40%,57.60%,3671,3089,582
Tilburg University,10580,39%,61%,2036,46%,54%,506,295,211
Universit?Laval,27237,25%,75%,3489,34%,66%,2279,1716,563
Goldsmiths  University of London,8405,29%,71%,2839,57%,43%,607,423,184
L.N. Gumilyov Eurasian National University (ENU),16871,17.10%,82.90%,611,80.50%,19.50%,2868,2548,320
Ben Gurion University of The Negev,15630,36%,64%,1755,57%,43%,1060,792,268
Tulane University,null,null,null,null,null,null,null,null,null
Illinois Institute of Technology,7283,61%,39%,3835,18%,82%,518,472,46
Universidade Nova de Lisboa,19740,48%,52%,3028,31%,69%,1577,1394,183
University of Iowa,29406,24%,76%,3018,69%,31%,2564,2434,130
Flinders University,18494,27%,73%,5731,56%,44%,833,438,395
University of Naples - Federico II,61928,58%,42%,102,35%,65%,2319,2284,35
Universität Konstanz,11076,48%,52%,1464,30%,70%,1049,824,225
National Central University,11041,44.60%,55.40%,1169,48.90%,51.10%,946,854,92
Stellenbosch University,null,null,null,null,null,null,null,null,null
Dublin City University,12865,14%,86%,2394,70%,30%,1213,932,281
Tianjin University,34542,46.10%,53.90%,1383,64.50%,35.50%,2616,2477,139
Universit?de Liège,20597,52%,48%,4224,35%,65%,1631,1292,339
Boston College,13389,29%,71%,1387,45%,55%,1197,1120,77
Ruhr-Universität Bochum,43015,32%,68%,5898,60%,40%,1127,958,169
Universidad de Zaragoza,29279,12%,88%,1374,71%,29%,3563,3484,79
Universidad Politécnica de Madrid,35428,18%,82%,4819,71%,29%,2461,2422,39
Beijing Institute of Technology,27016,45.90%,54.10%,1472,46.10%,53.90%,2231,2160,71
ITMO University,10075,51.50%,48.50%,1477,47.70%,52.30%,1288,1183,105
Universidad de Belgrano,5300,3.80%,96.20%,null,null,null,815,null,null
Peter the Great Saint-Petersburg Polytechnic University,18420,23.40%,76.60%,4480,74.80%,25.20%,2451,2252,199
Universidade Federal de São Paulo,13091,40.80%,59.20%,null,null,null,2462,null,null
University of Saskatchewan,16561,19%,81%,3188,54%,46%,1368,1008,360
Aston University,12396,18%,82%,2357,50%,50%,663,410,253
Auckland University of Technology (AUT),18035,20%,80%,8347,73%,27%,1149,606,543
Bond University,3156,46%,54%,1223,30%,70%,325,182,143
Chiba University,13805,23.80%,76.20%,612,25%,75%,1890,1798,92
Colorado State University,26497,13%,87%,1695,57%,43%,2547,2195,352
UCSI University,5078,1.70%,98.30%,1223,96.80%,3.20%,560,457,103
Florida State University,36866,18%,82%,1701,26%,74%,2015,1891,124
Hitotsubashi University,6337,30.40%,69.60%,766,29.50%,70.50%,542,483,59
University of Florence,53271,43%,57%,3805,61%,39%,2124,2028,96
Ko?University,5311,19.10%,80.90%,249,30.90%,69.10%,523,436,87
The National University of Science and Technology MISIS,7435,49.20%,50.80%,1778,54.30%,45.70%,959,915,44
Xiamen University,39012,50.60%,49.40%,1427,53.70%,46.30%,3079,2942,137
Dongguk University,17225,12.90%,87.10%,2472,70.30%,29.70%,2476,2284,192
National Technical University of Athens,16935,26%,74%,582,81%,19%,651,null,null
Sogang University,9433,22.10%,77.90%,808,71.20%,28.80%,969,904,65
University of California  Riverside,22465,13%,87%,1436,34%,66%,1458,1238,220
University of Bordeaux,37280,40%,60%,6200,null,null,3430,2756,674
Vilnius University,16078,37.10%,62.90%,688,16.70%,83.30%,2123,2021,102
University of Maryland  Baltimore County,11602,14%,86%,921,43%,57%,765,715,50
Oregon State University,25038,16%,84%,2933,58%,42%,2042,1593,449
Beihang University (former BUAA),29761,47.10%,52.90%,1454,40.90%,59.10%,2488,2346,142
Concordia University,32686,20%,80%,9327,53%,47%,1333,938,395
Julius-Maximilians-Universität Würzburg,26415,53%,47%,1935,41%,59%,1642,1394,248
Swansea University,16304,14%,86%,3489,68%,32%,1387,1025,362
The Catholic University of Korea,9104,19.50%,80.50%,270,84.40%,15.60%,1611,1579,32
University of Science and Technology Beijing,24368,44.60%,55.40%,818,43.20%,56.80%,1605,1563,42
Brandeis University,5376,33%,67%,1426,52%,48%,443,402,41
Pontificia Universidad Javeriana,29708,16.90%,83.10%,null,null,null,1719,null,null
Shandong University,44907,42.30%,57.70%,1350,48.70%,51.30%,3470,3354,116
Universität des Saarlandes,13636,null,null,2896,null,null,1275,990,285
Western Sydney University,32296,15%,85%,5562,63%,37%,1590,616,974
Yokohama City University,4910,15.90%,84.10%,91,35.20%,64.80%,1338,1293,45
Pontificia Universidad Católica del Per?25503,18.80%,81.20%,null,null,null,2072,null,null,
The University of Georgia,36169,22%,78%,2615,43%,57%,2559,1967,592
University of Delhi,22870,69.30%,30.70%,266,12%,88%,1350,1304,46
Singapore Management University,8732,15.70%,84.30%,1958,48%,52%,595,243,352
Christian-Albrechts-University zu Kiel,26155,null,null,1935,null,null,2818,2587,231
University of Stirling,8708,19%,81%,1692,57%,43%,635,468,167
South China University of Technology,36524,33.40%,66.60%,1022,65%,35%,3119,2963,156
Universidad Externado de Colombia,14650,61.20%,38.20%,null,null,null,980,null,null
UNESP,33606,24%,76%,null,null,null,3172,null,null
Universiti Teknologi Petronas (Petronas),5837,18.40%,81.60%,932,43.70%,56.30%,481,319,162
Aberystwyth University,6868,11%,89%,1191,80%,20%,581,446,135
Chang Gung University,7400,26.80%,73.20%,456,48.20%,51.80%,930,906,24
Jilin University,66153,35.30%,64.70%,1579,62.60%,37.40%,6874,6230,644
University of Canberra,10518,16%,84%,1990,69%,31%,418,332,86
Wayne State University,21280,35%,65%,2187,20%,80%,2794,2541,253
Amirkabir University of Technology,11918,48%,52%,89,null,100%,549,537,12
Universidad de Santiago de Chile (USACH),22818,5.50%,94.50%,null,null,null,1355,null,null
Indian Institute of Technology Guwahati (IITG),5591,52.90%,47.10%,43,2.30%,97.70%,425,422,3
Lappeenranta-Lahti University of Technology LUT,3767,51%,49%,559,3%,97%,273,230,43
Auezov South Kazakhstan State University (SKSU),13923,6.50%,93.50%,1049,86.70%,13.30%,2301,2082,219
Universidad de Montevideo (UM),2109,16.90%,83.10%,null,null,null,278,null,null
Aix-Marseille University,67724,38%,62%,8651,40%,60%,4069,3619,450
University of Delaware,21898,16%,84%,2533,46%,54%,1195,1012,183
V. N. Karazin Kharkiv National University,16071,28.40%,71.60%,3846,79.10%,20.90%,1973,1966,7
Czech Technical University in Prague,19520,38.80%,61.20%,3189,65.40%,34.60%,1526,1472,54
Universit?de Montpellier,39638,45%,55%,6394,50%,50%,2114,1976,138
University of Eastern Finland,11637,46%,54%,766,7%,93%,1098,974,124
Bilkent University,10486,12.60%,87.40%,917,78.10%,21.90%,728,559,169
Institut National des Sciences Appliquées de Lyon (INSA),6143,53%,47%,1707,33%,67%,609,524,85
King Khalid University,37871,8.40%,91.60%,4278,85.10%,14.90%,5243,2053,3190
Southeast University,31494,48.20%,51.80%,1492,52.20%,47.80%,3066,2906,160
Umm Al-Qura University,32574,5.30%,94.70%,4202,93.10%,6.90%,3680,1922,1758
Universidad de Alcal?19438,38%,62%,5132,56%,44%,2034,1807,227,
Universidad de La Habana,11412,12.10%,87.90%,null,null,null,1413,null,null
University of Johannesburg,18883,9.90%,90.10%,2430,68.70%,31.30%,1603,1191,412
University of Szeged,17653,43.40%,56.60%,3433,41.50%,58.50%,1979,1830,149
University of Texas Dallas,22824,33%,67%,5518,10%,90%,1081,950,131
Iowa State University,33447,12%,88%,3581,56%,44%,2197,1907,290
Martin-Luther-Universität Halle-Wittenberg,19315,null,null,1607,null,null,1479,null,null
National Taipei University of Technology,7806,42.60%,57.40%,799,60.60%,39.40%,704,618,86
Quaid-i-Azam University,13724,52.20%,47.80%,44,9.10%,90.90%,401,393,8
Taylor's University,5448,5.20%,94.80%,1385,87.70%,12.30%,591,479,112
Universidad de Costa Rica,null,null,null,null,null,null,null,null,null
University of Granada,51016,14%,86%,5736,74%,26%,2826,2750,76
Universit?Cattolica del Sacro Cuore,17782,34%,100%,2220,66%,null,1550,1402,148
"University of Rome ""Tor Vergata""",34862,26%,74%,3236,58%,42%,1577,1511,66
Universit?Paul Sabatier Toulouse III,29033,40%,60%,4049,59%,41%,3029,2897,132
University of Ulsan,null,null,null,null,null,null,1560,1519,41
York University,40392,8%,92%,9213,89%,11%,2357,2029,328
Bangor University,9328,17%,83%,2036,60%,40%,547,435,112
Cairo University,168754,4.80%,95.20%,8097,82.20%,17.80%,12194,12054,140
Inha University,18263,12.90%,87.10%,1034,68.40%,31.60%,2352,2245,107
Justus-Liebig-University Giessen,27083,61%,39%,2255,38%,62%,603,584,19
National Research Saratov State University,10672,21.20%,78.80%,896,84.60%,15.40%,2007,2003,4
Pusan National University,24703,25%,75%,1541,61.20%,38.80%,2312,2180,132
Sabanci University,3718,13.30%,86.70%,341,62.20%,37.80%,334,286,48
Technische Universität Braunschweig,19786,null,null,2719,null,null,2348,null,null
Universität Bremen,18573,28%,72%,2011,53%,47%,1480,1232,248
University of Limerick,12005,17%,83%,1201,55%,45%,924,678,246
Warsaw University of Technology,32838,35.40%,64.60%,1748,53.50%,46.50%,2334,2306,28
Clark University,3083,28%,72%,782,40%,60%,268,245,23
Coventry University,27991,15%,85%,12284,75%,25%,1879,1400,479
East China Normal University,25747,44.90%,55.10%,4252,67.70%,32.30%,2247,1744,503
Far Eastern Federal University,14601,39.10%,60.90%,2337,80.40%,19.60%,1976,1795,181
Kumamoto University,10186,21.10%,78.90%,393,15.30%,84.70%,1420,1356,64
Nagasaki University,9091,17%,83%,384,37%,63%,1352,1287,65
Renmin (People's) University of China,25859,53.70%,46.30%,1138,69.30%,30.70%,2223,2100,123
Universität  Leipzig,27664,null,null,2937,null,null,2475,2347,128
University Paris 2 Panthéon-Assas,13013,42%,58%,1678,33%,67%,1755,null,null
Abo Akademi University,5149,47%,53%,548,9%,91%,493,416,77
Imam Abdulrahman Bin Faisal University (IAU) (formerly UNIVERSITY OF DAMMAM),27289,2.70%,97.30%,917,96.70%,3.30%,3269,1755,1514
Karl-Franzens-Universitaet Graz,20320,26%,74%,2661,62%,38%,1341,1073,268
Management and Science University,8119,7.50%,92.50%,1418,64.40%,35.60%,655,506,149
Southern Federal University,17477,32.70%,67.30%,1592,82.80%,17.20%,2576,2543,33
Taras Shevchenko National University of Kyiv,24528,29.60%,70.40%,718,69.60%,30.40%,2623,2605,18
University of Turin,26090,100%,null,798,null,100%,2100,1998,102
University of Bayreuth,12931,49%,51%,1350,26%,74%,901,757,144
Bar-Ilan University,16901,51%,49%,1050,65%,35%,960,720,240
East China University of Science and Technology,22620,33%,67%,391,57.30%,42.70%,1830,1789,41
Hallym University,8047,6.10%,93.90%,303,68.30%,31.70%,1159,1121,38
Lehigh University,6492,23%,77%,1106,38%,62%,578,551,27
Masaryk University,27681,52.20%,47.80%,6444,41%,59%,1690,1515,175
National Chengchi University,10470,28%,72%,2197,63%,37%,872,795,77
Osaka City University,8318,20.70%,79.30%,340,29.40%,70.60%,1019,983,36
Universidad Pontificia Bolivariana,9936,16.70%,82.10%,null,null,null,1344,null,null
University of Aveiro,13937,null,null,860,null,null,1015,null,null
University of Missouri  Columbia,30188,19%,81%,1867,45%,55%,2475,2258,217
University of Pretoria,43803,19.40%,80.60%,4008,43.20%,56.80%,1599,1251,348
Aristotle University of Thessaloniki,44758,16%,84%,4564,89%,11%,1771,1761,10
Drexel University,20764,32%,68%,3603,66%,34%,1960,1647,313
Abai Kazakh National Pedagogical University,6045,21.90%,78.10%,292,90.40%,9.60%,1097,824,273
Kazakh National Research Technical University after K.I. Satbayev,8514,8.40%,91.60%,164,93.90%,6.10%,718,711,7
The New School,9155,29%,71%,3236,66%,34%,1032,985,47
Okayama University,13243,22.70%,77.30%,536,21.50%,78.50%,1705,1608,97
Universidad Anahuac,14336,11.80%,88.20%,null,null,null,1822,null,null
Universit?du Québec,74406,16%,84%,6905,null,null,1726,1412,314
Saint Joseph University of Beirut (USJ),7805,37.30%,62.70%,506,60.70%,39.30%,941,735,206
University of Cincinnati,29774,24%,76%,2727,37%,63%,2648,2523,125
University of Côte d'Azur,null,null,null,null,null,null,null,null,null
University of Nebraska-Lincoln,28839,15%,85%,3647,69%,31%,1933,1384,549
University of South Carolina,31952,21%,79%,1696,48%,52%,2141,1769,372
Chonbuk National University,20170,16.50%,83.50%,1055,38.10%,61.90%,2197,2110,87
Dalian University of Technology,40728,37.40%,62.60%,1231,52.60%,47.40%,2572,2433,139
Konkuk University,22078,11.10%,88.90%,1969,77.60%,22.40%,2592,2411,181
Murdoch University,10648,14%,86%,1527,68%,32%,636,437,199
University of Guelph,20974,10%,90%,1150,67%,33%,1316,1087,229
University of Massachusetts Boston,12453,18%,82%,1868,74%,26%,890,840,50
University of Oklahoma,27115,23%,77%,1808,59%,41%,3060,2614,446
University of Vermont,11641,14%,86%,1237,89%,11%,1439,1378,61
Howard University,8390,33%,67%,659,58%,42%,1351,1304,47
Kanazawa University,10403,24.50%,75.50%,472,17.80%,82.20%,1202,1146,56
Lebanese American University,8285,7.80%,92.20%,1511,94.40%,5.60%,707,428,279
Syracuse University,20320,27%,73%,4095,47%,53%,1387,1320,67
Universit?degli Studi di Pavia,24319,48%,52%,2073,39%,61%,1243,1198,45
Universitat de Valencia,47523,21%,79%,3629,48%,52%,2963,2926,37
Universit?de Fribourg,10291,null,null,1699,null,null,382,null,null
University of Balamand,4824,25%,75%,424,81.60%,18.40%,781,753,28
Kingston University  London,17114,18%,82%,5891,74%,26%,1038,768,270
Lingnan University  Hong Kong,3006,13.70%,86.30%,455,30.80%,69.20%,237,102,135
Middle East Technical University,27455,30.70%,69.30%,1569,69.50%,30.50%,1167,1110,57
Universidad Nacional de La Plata (UNLP),118688,11.10%,88.90%,null,null,null,10262,null,null
Universitat Ramon Llull,17346,null,null,2879,null,null,1015,615,400
Universiti Utara Malaysia (UUM),12550,24%,76%,3121,45.70%,54.30%,1098,931,167
University of Ljubljana,40110,40.10%,59.90%,2345,46.90%,53.10%,3641,3569,72
University of Milano-Bicocca,32318,null,null,2154,null,null,800,null,null
University of Mons,6533,35%,65%,1005,51%,49%,302,261,41
Vilnius Gediminas Technical University,9423,21.70%,78.30%,1218,64.20%,35.80%,884,839,45
Ajou University,11194,21.30%,78.70%,606,40.10%,59.90%,1050,999,51
American University,12338,40%,60%,1507,49%,51%,1062,1034,28
American University in Dubai,1967,6.60%,93.40%,1664,93.40%,6.60%,144,null,144
Ateneo de Manila University,11398,29.30%,70.70%,493,68.80%,31.20%,940,914,26
Bogor Agricultural University,22252,25.60%,74.40%,532,81.60%,18.40%,1749,1427,322
Central Queensland University (CQUniversity Australia),8149,33%,67%,2810,16%,84%,641,366,275
Chiang Mai University,33638,18.80%,81.20%,908,58.80%,41.20%,2246,2192,54
City University of New York,123893,9%,91%,6462,86%,14%,7782,7381,401
Clarkson University,3998,21%,79%,284,26%,74%,299,258,41
College of William & Mary,8181,24%,76%,686,54%,46%,781,727,54
Gifu University,7342,22.90%,77.10%,317,18.90%,81.10%,913,885,28
Holy Spirit University of Kaslik,6521,20.90%,79.10%,1008,79.50%,20.50%,647,358,289
Instituto Tecnológico de Buenos Aires (ITBA),2903,20.30%,79.70%,null,null,null,328,null,null
Iran University of Science and Technology,14028,71%,29%,99,39%,61%,499,null,null
Keele University,8925,14%,86%,1625,78%,22%,741,592,149
Kyungpook National University,25697,17.60%,82.40%,1027,57.40%,42.60%,2627,2514,113
Lobachevsky University,16444,25.60%,74.40%,1376,78.30%,21.70%,1920,1899,21
Michigan Technological University,6694,17%,83%,951,19%,81%,555,516,39
Niigata University,12538,17.30%,82.70%,274,23.40%,76.60%,1478,1422,56
Palack?University in Olomouc,17445,27.60%,72.40%,1827,75.70%,24.30%,1665,1445,220
Pontifícia Universidade Católica do Rio de Janeiro,13027,20.90%,71.60%,null,null,null,771,null,null
Sichuan University,64648,39.20%,60.80%,2551,75.70%,24.30%,4534,4219,315
Smith College,2828,12%,88%,379,95%,5%,341,333,8
Tallinn University of Technology (TalTech),9776,39.50%,60.50%,1615,50.50%,49.50%,817,703,114
Thammasat University,33023,9.50%,90.50%,381,40.40%,59.60%,2697,2441,256
Tokyo Metropolitan University,9185,24.70%,75.30%,397,20.90%,79.10%,932,889,43
Tokyo University of Agriculture and Technology,5708,33%,67%,332,23.20%,76.80%,415,404,11
Ulster University,18675,13%,87%,2169,69%,31%,1120,626,494
Universidad de Concepción,26451,5.10%,94.90%,null,null,null,1745,null,null
University of Salamanca,27656,22%,78%,3532,24%,76%,1996,1941,55
Universidad de San Andrés - UdeSA,1330,25%,91.10%,null,null,null,177,null,null
Universidad de Sevilla,63062,13%,87%,1428,null,100%,3599,3475,124
Universidad Panamericana (UP),10988,12.20%,88.10%,null,null,null,1158,null,null
Universidad Torcuato Di Tella,1972,27.70%,72.30%,null,null,null,157,null,null
Universität Duisburg-Essen,41966,31%,69%,7568,59%,41%,1676,1473,203
Universität Regensburg,20161,null,null,1562,null,null,1309,1122,187
University of Bradford,8946,16%,84%,2419,74%,26%,561,450,111
University of Debrecen,21879,39.90%,60.10%,4928,42.90%,57.10%,1853,1751,102
University of Jordan,31305,10.40%,89.60%,4543,82%,18%,1909,1677,232
University of Kentucky,27549,23%,77%,1514,41%,59%,1907,1648,259
University of Klagenfurt,3639,32%,68%,786,58%,42%,409,269,140
University of Manitoba,31309,11%,89%,4646,76%,24%,3137,null,null
University of New Mexico,22346,19%,81%,992,38%,62%,1126,1068,58
University of Oregon,22003,15%,85%,2894,86%,14%,1580,1521,59
University of Portsmouth,20819,13%,87%,5144,77%,23%,1327,957,370
University of South Florida,33766,23%,77%,4735,58%,42%,2078,1711,367
University of Tehran,55645,66%,34%,1127,19%,81%,2164,2147,17
Victoria University,14454,15%,85%,3137,63%,37%,607,499,108
Virginia Commonwealth University,26623,21%,79%,1257,61%,39%,2731,2507,224
Worcester Polytechnic Institute,5515,23%,77%,1196,39%,61%,423,371,52
Airlangga University,29020,27.70%,72.30%,434,91%,9%,2277,2169,108
Bogaziçi Üniversitesi,12374,25.20%,74.80%,868,69.80%,30.20%,487,444,43
Brno University of Technology,19205,39.80%,60.20%,3918,65%,35%,1359,1267,92
Carleton University,26024,14%,86%,null,null,null,530,null,null
Charles Darwin University,6505,21%,79%,2348,55%,45%,364,286,78
China Agricultural University,19751,41.80%,58.20%,265,11.70%,88.30%,1636,1586,50
Edith Cowan University,15385,16%,84%,4192,53%,47%,848,656,192
Eötvös Lorànd University,23082,39.10%,60.90%,2095,64.40%,35.60%,1429,1402,27
Indiana University-Purdue University Indianapolis,24316,24%,76%,1594,49%,51%,3183,3170,13
Instituto Politécnico Nacional (IPN),115346,6.10%,93.90%,null,null,null,7325,null,null
Instituto Tecnológico Autónomo de México (ITAM),6085,7.50%,92.50%,null,null,null,407,null,null
International Islamic University Malaysia (IIUM),25711,19.80%,80.20%,5649,51.10%,48.90%,1960,1652,308
Istanbul Technical University,34594,41.20%,58.80%,1533,52.40%,47.60%,2535,2489,46
Jadavpur University,10376,33.80%,66.20%,59,71.20%,28.80%,751,null,null
Jordan University of Science & Technology,22318,6%,94%,4251,97.10%,2.90%,1837,1727,110
Kagoshima University,10539,14.90%,85.10%,300,43%,57%,1363,1322,41
Kaohsiung Medical University,6896,17.20%,82.80%,479,88.30%,11.70%,701,667,34
Kazakh National Agrarian University KazNAU,7433,15.80%,84.20%,276,89.90%,10.10%,830,749,81
Leibniz Universität Hannover,27383,33%,67%,3500,47%,53%,2464,2123,341
Louisiana State University,27814,17%,83%,1587,33%,67%,1454,1357,97
Missouri University of Science and Technology,7874,18%,82%,1047,26%,74%,447,369,78
National and Kapodistrian University of Athens,35425,null,100%,5477,100%,null,2085,2006,79
National Chung Hsing University,13319,36.60%,63.40%,723,63.90%,36.10%,1090,1025,65
"National Technical University  ""Kharkiv Polytechnic Institute""",13218,28.60%,71.40%,703,78.10%,21.90%,1441,1438,3
Osaka Prefecture University,7780,24.70%,75.30%,204,22.10%,77.90%,878,851,27
Philipps-Universität Marburg,25627,null,null,2878,null,null,2157,1914,243
Pontifícia Universidade Católica de São Paulo,7126,15.80%,61.90%,null,null,null,680,null,null
Rutgers - The State University of New Jersey  Newark,10263,26%,74%,1101,37%,63%,847,730,117
Samara National Research University (Samara University),10070,32.20%,67.80%,712,68.70%,31.30%,1149,1095,54
Sejong University,12119,11.70%,88.30%,1209,66.80%,33.20%,941,856,85
Stevens Institute of Technology,6048,48%,52%,2342,5%,95%,310,263,47
Temple University,35278,23%,77%,2997,61%,39%,2760,2662,98
Universidad de Antioquia,41598,9.10%,90.90%,null,null,null,1734,null,null
Universidad del Pais Vasco,40052,6%,94%,835,null,null,3970,null,null
Universidad Iberoamericana IBERO,12518,11.50%,88.50%,null,null,null,623,null,null
Universidade de Santiago de Compostela,22432,18%,82%,1276,31%,69%,1747,1730,17
Universidade Federal de Minas Gerais,49655,29.40%,70.50%,null,null,null,3320,null,null
Universidade Federal do Rio Grande Do Sul,46956,39.90%,60.10%,null,null,null,2689,null,null
University of Genoa,22939,20%,80%,2078,74%,26%,1370,1332,38
University of Hohenheim,9235,38%,62%,1230,31%,69%,404,361,43
Universit?Claude Bernard Lyon 1,37094,41%,59%,3773,46%,54%,2225,2091,134
Universit?de Sherbrooke,14373,21%,79%,1115,37%,63%,1168,904,264
Universiti Teknologi MARA - UiTM,47801,11.90%,88.10%,529,74.70%,25.30%,3313,3254,59
University of Denver,9245,40%,60%,714,60%,40%,932,906,26
University of Haifa,13437,41%,59%,null,null,null,1009,null,null
University of Houston,34896,18%,82%,3454,39%,61%,1586,1517,69
University of Minho,18205,46%,54%,1703,17%,83%,1939,1726,213
University of Pécs,13430,41%,59%,3714,28.60%,71.40%,1528,1504,24
Plymouth University,18414,9%,91%,2575,78%,22%,1286,1032,254
University of Seoul,8619,16.60%,83.40%,347,43.50%,56.50%,814,777,37
University of Sharjah,14362,9.10%,90.90%,8999,93.90%,6.10%,678,29,649
University of Westminster,16570,18%,82%,7493,73%,27%,1019,693,326
University of Windsor,13458,17%,83%,2351,81%,19%,316,null,null
Zayed University,6442,4%,96%,158,68.40%,31.60%,520,33,487
Abu Dhabi University,3757,12.40%,87.60%,2568,95.90%,4.10%,172,4,168
Beijing Jiaotong University,27334,43.30%,56.70%,1731,68.20%,31.80%,2030,1970,60
Beijing University of Technology,22858,37.30%,62.70%,655,62.40%,37.60%,2087,2036,51
Bournemouth University,15841,13%,87%,2873,62%,38%,828,589,239
Central South University,53069,35.50%,64.50%,980,15.90%,84.10%,3599,3352,247
Chonnam National University,22031,17.60%,82.40%,1071,57.80%,42.20%,2196,2102,94
Chungnam National University,21050,19.20%,80.80%,844,58.40%,41.60%,1860,1779,81
Clemson University,21561,16%,84%,1383,9%,91%,1373,1353,20
Dankook University,23808,9.60%,90.40%,753,72.20%,27.80%,2830,2710,120
Georgia State University,26703,22%,78%,1704,31%,69%,1536,1463,73
Hunan University,36184,44.10%,55.90%,988,39.40%,60.60%,2265,2183,82
Kansas State University,21166,15%,85%,1725,55%,45%,1414,1334,80
Lahore University of Management Sciences (LUMS),4365,16.60%,83.40%,null,null,null,299,285,14
London South Bank University,10976,20%,80%,3637,77%,23%,759,579,180
Manipal Academy of Higher Education,25036,22.50%,77.50%,1513,98.30%,1.70%,2584,2565,19
Maynooth University,9327,16%,84%,1000,72%,28%,553,400,153
Memorial University of Newfoundland,15274,19%,81%,2664,50%,50%,1001,851,150
"National Technical University of Ukraine ""Igor Sikorsky Kyiv Polytechnic Institute""",26909,53.20%,46.80%,null,null,null,2527,2522,5
Northumbria University at Newcastle,22439,14%,86%,3691,67%,33%,1362,1136,226
Nottingham Trent University,27779,12%,88%,3336,50%,50%,1614,1329,285
Pontificia Universidad Católica de Valparaíso,16699,4.70%,91.50%,null,null,null,843,null,null
Riga Technical University,10753,25.60%,74.40%,1355,53.20%,46.80%,822,759,63
Universitat Rovira i Virgili,null,null,null,null,null,null,null,null,null
Shenzhen University,35018,18.50%,81.50%,305,82.30%,17.70%,3344,3183,161
Southern Methodist University,9906,36%,64%,1505,35%,65%,956,895,61
Sumy State University,9288,23.50%,76.50%,1300,93.40%,6.60%,927,922,5
Universidad Adolfo Ibàñez,10579,16.80%,83.20%,null,null,null,353,null,null
Universidad Central de Venezuela,49501,11.50%,88.50%,null,null,null,3306,null,null
Universidad de Alicante,null,null,null,null,null,null,null,null,null
Universidad de Guadalajara (UDG),123932,5.40%,94.60%,null,null,null,11334,null,null
Universidad ICESI,6524,8.30%,91.70%,null,null,null,722,null,null
Universidade Federal de Santa Catarina,32368,31.10%,68.90%,null,null,null,2888,null,null
University of Siena,11346,47%,53%,926,46%,54%,828,790,38
University of Trieste,15851,44%,56%,1350,55%,45%,748,715,33
Universität Potsdam,20180,null,null,2273,null,null,688,null,null
Universit?de Lille,67127,null,null,7963,null,null,3300,2954,346
University at Albany SUNY,15387,18%,82%,1252,58%,42%,824,738,86
Universiti Malaysia Perlis,9096,13.50%,86.50%,1118,64.30%,35.70%,1072,1013,59
University of Alabama,33814,11%,89%,1099,53%,47%,1547,1485,62
University of Baghdad,66948,10.30%,89.70%,94,92.60%,7.40%,6743,6725,18
University of Central Florida,49284,11%,89%,1586,42%,58%,1913,1765,148
University of Greenwich,15850,14%,86%,5441,80%,20%,867,614,253
University of Huddersfield,13869,14%,86%,3177,83%,17%,779,631,148
University of Hull,14247,13%,87%,2658,71%,29%,900,695,205
University of Patras,25551,15%,85%,1039,92%,8%,845,840,5
University of Tulsa,4193,22%,78%,1013,78%,22%,381,369,12
University of Wyoming,10514,18%,82%,725,51%,49%,961,875,86
Viet Nam National University Ho Chi Minh City (VNU-HCM),61675,5.30%,94.70%,187,52.90%,47.10%,4021,3809,212
Yamaguchi University,10419,15.30%,84.70%,376,26.60%,73.40%,1164,1108,56
Ajman University,7252,3.60%,96.40%,5577,97.30%,2.70%,347,12,335
Anna University,14941,28.10%,71.90%,10,50%,50%,736,null,null
Brigham Young University,31437,8%,92%,1152,79%,21%,1488,1475,13
Chongqing University,42413,37.90%,62.10%,559,25.40%,74.60%,2855,2752,103
Comenius University in Bratislava,22726,6.70%,93.30%,2187,95%,5%,2009,null,null
Dublin Institute of Technology,14882,13%,87%,2717,75%,25%,934,779,155
Florida International University,38378,19%,81%,3427,64%,36%,1757,1589,168
Gunma University,null,null,null,null,null,null,null,null,null
Jamia Millia Islamia,8240,33.30%,66.70%,239,51%,49%,815,793,22
Kaunas University of Technology,9355,26.90%,73.10%,548,56.90%,43.10%,821,806,15
Kazakh-British Technical University,1789,14%,86%,21,71.40%,28.60%,112,80,32
Lanzhou University,32812,40.40%,59.60%,391,21%,79%,2944,2892,52
London Metropolitan University,9223,15%,85%,3598,86%,14%,413,326,87
Loyola University Chicago,14856,29%,71%,895,58%,42%,1212,1164,48
Manchester Metropolitan University,28605,13%,87%,4200,79%,21%,1873,1582,291
Lviv Polytechnic National University,20955,27.20%,72.80%,249,76.70%,23.30%,2130,2128,2
New Jersey Institute of Technology (NJIT),8886,26%,74%,1945,16%,84%,584,529,55
O.P. Jindal Global University,3613,16.20%,83.80%,40,12.50%,87.50%,285,234,51
Oklahoma State University,21822,12%,88%,1690,52%,48%,1406,1127,279
Universitas Padjadjaran,31260,20.40%,79.60%,474,65.40%,34.60%,3348,3293,55
Paris Lodron University of Salzburg,14202,54%,46%,5073,61%,39%,535,null,null
Plekhanov Russian University of Economics,14919,27.20%,72.80%,1430,68.70%,31.30%,1409,1336,73
Shinshu University,10909,16.60%,83.40%,335,57.60%,42.40%,1091,1042,49
Slovak University of Technology in Bratislava,12733,38.90%,61.10%,375,64%,36%,1255,1238,17
"Sofia University ""St. Kliment Ohridski""",19494,37.50%,62.50%,1066,41.40%,58.60%,1679,1671,8
Southern Cross University,9177,19%,81%,1832,60%,40%,417,320,97
Sunway University,4662,0.90%,99.10%,507,98.20%,1.80%,378,315,63
Technical University of Liberec,6601,31.20%,68.80%,452,60.80%,39.20%,546,511,35
TU Dortmund University,30767,24%,76%,2744,63%,37%,1867,1698,169
Universidad de La Sabana,12131,18.30%,81.70%,null,null,null,853,null,null
Universidad de las Américas Puebla (UDLAP),6099,8.20%,91.80%,null,null,null,503,null,null
Universidad San Francisco de Quito (USFQ),9044,5.10%,94.90%,null,null,null,748,null,null
Universidad del Rosario,9511,12.10%,87.90%,null,null,null,780,null,null
Ca' Foscari University of Venice,14209,29%,71%,840,63%,37%,532,477,55
University of Modena and Reggio Emilia,17333,38%,62%,1118,60%,40%,1017,984,33
Universit?degli Studi di Perugia,25017,42%,58%,1327,61%,39%,1027,970,57
Bielefeld University,24715,41%,59%,1809,41%,59%,1482,1336,146
University Duesseldorf,33306,null,null,3591,null,null,1624,null,null
Universität Rostock,13698,null,null,1122,null,null,503,null,null
University of Lorraine,59299,31%,69%,9170,49%,51%,3080,2822,258
Universiti Malaysia Pahang,9460,11.50%,88.50%,607,45.60%,54.40%,623,528,95
University of Brescia,10509,37%,63%,1003,70%,30%,523,509,14
University of Crete,15124,12%,88%,693,87%,13%,601,590,11
University of East London,10755,17%,83%,3114,81%,19%,630,431,199
University of Hertfordshire,19291,13%,87%,4870,82%,18%,1109,876,233
University of Maribor,13131,32.30%,67.70%,607,56%,44%,1104,1084,20
University of Southern Queensland,13412,24%,76%,1387,32%,68%,533,409,124
University of the West of England,null,null,null,null,null,null,null,null,null
University of Zagreb,59625,53.80%,46.20%,497,14.90%,85.10%,4879,4841,38
Yokohama National University,9809,23.80%,76.20%,732,29.80%,70.20%,829,781,48
Adam Mickiewicz University  Poznan,39590,45.90%,54.10%,668,55.20%,44.80%,2861,2730,131
AGH University of Science and Technology,null,null,null,null,null,null,null,null,null
Ain Shams University,160767,14.40%,85.60%,4432,79%,21%,11259,10084,1175
Alexandria University,203013,12.50%,87.50%,4102,67%,33%,9600,9530,70
Aligarh Muslim University,17159,29.50%,70.50%,408,46.60%,53.40%,1527,null,null
Amrita Vishwa Vidyapeetham (Amrita University),18433,27.40%,72.60%,294,70.10%,29.90%,1594,1296,298
Ankara Üniversitesi,65350,23.10%,76.90%,3127,66.80%,33.20%,4209,4150,59
Assiut University,73050,7.30%,92.70%,522,49%,51%,5305,null,null
Athens University of Economics and Business,9541,15%,85%,331,89%,11%,278,276,2
Auburn University,26697,16%,84%,2321,52%,48%,1405,1310,95
Australian Catholic University,23078,10%,90%,4030,86%,14%,1113,828,285
Babes-Bolyai University,32724,24.50%,75.50%,757,71.90%,28.10%,1569,1473,96
Baku State University,19174,1%,99%,645,89.50%,10.50%,1909,1859,50
Banaras Hindu University,24246,37.60%,62.40%,402,62.70%,37.30%,1641,1631,10
Bangladesh University of Engineering and Technology,7775,31.30%,68.70%,null,null,null,476,null,null
Baylor University,16414,14%,86%,698,70%,30%,1137,1105,32
Beijing Foreign Studies University,9176,30.90%,69.10%,1223,85.70%,14.30%,868,772,96
Beirut Arab University,8998,11.10%,88.90%,1439,86.70%,13.30%,426,301,125
Belarusian National Technical University (BNTU),23371,4.30%,95.70%,1572,95.50%,4.50%,2108,2064,44
Bina Nusantara University (BINUS),14145,1.70%,98.30%,311,83.60%,16.40%,1052,961,91
Binghamton University SUNY,15960,17%,83%,2338,49%,51%,804,744,60
Birla Institute of Technology and Science  Pilani,11846,13.50%,86.50%,null,null,null,607,606,1
Birmingham City University,null,null,null,null,null,null,null,null,null
Budapest University of Technology and Economics,19997,29.70%,70.30%,1405,72.60%,27.40%,1352,1342,10
Canterbury Christ Church University,null,null,null,null,null,null,null,null,null
COMSATS Institute of Information Technology,33030,15.90%,84.10%,378,87%,13%,2902,2867,35
Corvinus University of Budapest,12817,24.40%,75.60%,1599,79.10%,null,null,null,null
Cracow University of Technology,null,null,null,null,null,null,null,null,null
Czech University of Life Sciences in Prague,15936,35.40%,64.60%,2714,68.80%,31.20%,831,743,88
De La Salle University,13909,27.50%,72.50%,381,75.30%,24.70%,1050,1035,15
De Montfort University,null,null,null,null,null,null,null,null,null
Diponegoro University,41056,22.40%,77.60%,239,36%,64%,2015,1919,96
Karaganda State University named after academician E.A.Buketov,7109,11.10%,88.90%,272,89.30%,10.70%,817,776,41
Edinburgh Napier University,11403,14%,86%,3551,73%,27%,524,441,83
Escuela Politécnica Nacional,7790,12%,88%,null,null,null,700,null,null
Escuela Superior Politécnica del Litoral (ESPOL),10598,5.20%,94.80%,null,null,null,814,null,null
Fordham University,13704,35%,65%,1949,35%,65%,1047,907,140
Gdansk University of Technology,19441,21.90%,78.10%,515,50.70%,49.30%,1204,1191,13
George Mason University,27046,25%,75%,2391,44%,56%,1860,1765,95
German Jordanian University,4042,10.20%,89.80%,555,82%,18%,355,288,67
Glasgow Caledonian University,null,null,null,null,null,null,null,null,null
Hacettepe University,48160,29.30%,70.70%,2075,56.80%,43.20%,2130,2070,60
Istanbul University,120869,14.30%,85.70%,4094,68.50%,31.50%,2948,2837,111
Karaganda State Technical University,8245,12.80%,87.20%,116,100%,null,886,884,2
Kasetsart University,68250,15.50%,84.50%,517,56.90%,43.10%,2981,2860,121
Kazakh Ablai Khan University of International Relations and World Languages,5206,8%,92%,271,94.50%,5.50%,522,487,35
Kent State University,24885,18%,82%,2494,45%,55%,1261,1138,123
Khon Kaen University,32231,21.30%,78.70%,837,60.60%,39.40%,1957,1840,117
King Faisal University,38626,5.20%,94.80%,618,94%,6%,2148,1044,1104
King Mongkut's University of Technology Thonburi,14559,17.30%,82.70%,211,19.90%,80.10%,1041,968,73
Kuwait University,37603,3.40%,96.60%,5345,94.80%,5.20%,1755,1404,351
Kyoto Institute of Technology,4037,32.20%,67.80%,290,30.30%,69.70%,321,310,11
Kyushu Institute of Technology,5653,26.90%,73.10%,231,10%,90%,366,339,27
Liverpool John Moores University,null,null,null,null,null,null,null,null,null
Lodz University of Technology,15580,24.70%,75.30%,525,65%,35%,1350,null,null
Marquette University,10444,23%,77%,444,55%,45%,855,819,36
Miami University,17821,9%,91%,2174,90%,10%,1098,1034,64
Middlesex University,18041,19%,81%,2726,51%,49%,886,619,267
Multimedia University (MMU),9812,7.70%,92.30%,1075,69.70%,30.30%,652,582,70
Mustansiriyah University,48200,6.60%,93.40%,11,63.60%,36.40%,3918,3916,2
Nagoya Institute of Technology (NIT),5645,28.90%,71.10%,244,46.30%,null,null,null,null
National Chung Cheng University,9771,35.20%,64.80%,216,20.80%,79.20%,805,789,16
Nicolaus Copernicus University,23124,51.80%,48.20%,434,24.70%,75.30%,2051,2019,32
Notre Dame University-Louaize NDU,null,null,null,null,null,null,null,null,null
Novosibirsk State Technical University,12368,25.10%,74.90%,2041,84.40%,15.60%,887,881,6
Ohio University,23585,17%,83%,1210,40%,60%,1227,1175,52
Politecnico di Bari,null,null,null,null,null,null,null,null,null
Pontificia Universidad Católica del Ecuador (PUCE),20844,6.40%,93.60%,null,null,null,1613,null,null
Pontifícia Universidade Católica do Rio Grande do Sul (PUCRS),9435,22.30%,77.70%,null,null,null,734,null,null
Poznan University of Technology,null,null,null,null,null,null,null,null,null
Prince of Songkla University,40190,7.70%,92.30%,509,35.60%,64.40%,2391,2294,97
Princess Sumaya University for Technology,2820,8.70%,91.30%,259,93.10%,6.90%,146,112,34
Rhodes University,null,null,null,null,null,null,null,null,null
Riga Stradins University,7584,70.60%,29.40%,1988,null,100%,521,506,15
Rikkyo University,null,null,null,null,null,null,null,null,null
Ritsumeikan University,36314,8.70%,91.30%,2483,59.40%,40.60%,2038,1778,260
Ryerson University,33682,6%,94%,1329,82%,18%,877,null,null
Saitama University,8579,16.50%,83.50%,448,32.80%,67.20%,663,614,49
San Diego State University,31073,12%,88%,2256,74%,26%,1137,1101,36
Savitribai Phule Pune University,5412,98.40%,1.60%,null,null,null,686,null,null
Seoul National University of Science and Technology,11003,12%,88%,355,54.90%,45.10%,689,659,30
Institute of Technology Sepuluh Nopember,13907,18.80%,81.20%,448,58.30%,41.70%,1265,1095,170
Shahid Beheshti University (SBU),18352,58%,42%,112,100%,null,859,852,7
Shanghai International Studies University,12303,29%,71%,2350,83.10%,16.90%,964,819,145
Sheffield Hallam University,null,null,null,null,null,null,null,null,null
Shiraz University,8657,null,100%,82,100%,null,726,null,null
Sophia University,14565,10.60%,89.40%,1597,62.80%,37.20%,1075,926,149
South Ural State University (National Research University),16493,34.30%,65.70%,1707,72.20%,27.80%,1621,1542,79
Tallinn University,7524,39.70%,60.30%,null,null,null,389,297,92
Technical University of Kosice,8436,39.30%,60.70%,293,68.60%,31.40%,761,760,1
Tecnológico de Costa Rica -TEC,9068,11.70%,88.30%,null,null,null,783,null,null
Texas Tech University,32561,15%,85%,2836,49%,51%,1769,1381,388
Thapar Institute of Engineering & Technology,7003,27.80%,72.20%,55,89.10%,10.90%,463,452,11
Robert Gordon University,9629,15%,85%,2114,75%,25%,490,396,94
Tokai University,29680,3.30%,96.70%,780,87.40%,12.60%,2072,1976,96
Tokyo University of Science,19438,15.90%,84.10%,461,76.80%,23.20%,1199,1114,85
Universidad Austral de Chile,15587,6.20%,93.80%,null,null,null,644,null,null
Universidad Autónoma de Nuevo León,111681,4.50%,95.50%,null,null,null,3701,null,null
Universidad Autónoma del Estado de México (UAEMex),61752,5.70%,94.30%,null,null,null,2953,null,null
Universidad Autónoma Metropolitana (UAM),57648,6.70%,93.30%,null,null,null,2888,null,null
Universidad Católica Andres Bello,19847,12.10%,87.90%,null,null,null,714,null,null
Universidad de Castilla-La Mancha,22837,12%,88%,792,55%,45%,1713,1689,24
Universidad de la República (UdelaR),null,null,null,null,null,null,null,null,null
Universidad de Lima,17635,1.30%,98.70%,null,null,null,522,null,null
Universidad de los Andes - Chile,8710,11.70%,88.30%,null,null,null,678,null,null
Universidad de los Andes - (ULA) Mérida,42303,13.10%,86.90%,null,null,null,2500,null,null
Universidad de Monterrey (UDEM),9044,9.60%,90.40%,null,null,null,525,null,null
University of Murcia,28144,14%,86%,1305,67%,33%,1792,1768,24
Universidad de Oviedo,22723,null,null,743,null,null,1588,null,null
Universidad de Puerto Rico,57607,10.20%,91.40%,null,null,null,3892,null,null
Universidad de Talca,11016,5.10%,94.90%,null,null,null,527,null,null
Universidad del Norte,13496,5.40%,94.60%,null,null,null,821,null,null
Universidad del Valle,29482,12.60%,87.10%,null,null,null,1646,null,null
Universidad Diego Portales (UDP),17395,11.80%,88.90%,null,null,null,1198,null,null
Universidad EAFIT,12551,12.10%,87.90%,null,null,null,606,null,null
Universidad Nacional Costa Rica,15479,4.50%,95.50%,null,null,null,1130,null,null
Universidad Nacional de la Asunción,51647,8.40%,91.60%,null,null,null,4304,null,null
Universidad Nacional de Córdoba - UNC,61398,11.30%,88.70%,null,null,null,4383,null,null
Universidad Nacional de Mar del Plata,null,null,null,null,null,null,1001,null,null
Universidad Nacional de Rosario (UNR),null,null,null,null,null,null,null,null,null
Universidad Peruana Cayetano Heredia (UPCH),5717,24.50%,75.10%,null,null,null,945,null,null
Universidad Simón Bolívar (USB),10007,6.60%,93.40%,null,null,null,590,null,null
Universidad Técnica Federico Santa María (USM),19273,5.90%,94.10%,null,null,null,690,null,null
Universidad Tecnológica de Panamà¡  (UTP),17971,2.30%,97.70%,null,null,null,1462,null,null
Universidad Tecnológica Nacional (UTN),null,null,null,null,null,null,null,null,null
Universidade Católica Portuguesa - UCP,10363,43%,57%,1139,null,null,673,638,35
Universidade da Coruña,14855,17%,83%,380,32%,68%,1373,1358,15
Universidade de Brasília,47872,19.90%,80.10%,null,null,null,2891,null,null
Universidade de Vigo,18902,17%,83%,578,39%,61%,1243,1224,19
Universidade do Estado do Rio de Janeiro (UERJ),34477,14.40%,85.60%,null,null,null,2558,null,null
Universidade Estadual de Londrina,18296,29.80%,70.20%,null,null,null,1498,null,null
Universidade Federal de São Carlos (UFSCAR),18258,24.20%,75.80%,null,null,null,1247,null,null
Universidade Federal de Viçosa (UFV),16162,24.70%,75.30%,null,null,null,1190,null,null
Universidade Federal do Paran?- UFPR,36589,21.60%,78.40%,null,null,null,2245,null,null
Universidade Federal de Pernambuco (UFPE),32810,34.20%,65.80%,null,null,null,2669,null,null
Universidade Federal Fluminense,null,null,null,null,null,null,3329,null,null
Catania University,19965,37%,63%,254,62%,38%,1203,1187,16
Universita' degli Studi di Ferrara,16615,15%,85%,1010,73%,27%,564,562,2
University of Salerno,null,null,null,null,null,null,null,null,null
Universit?degli Studi di Udine,null,null,null,null,null,null,null,null,null
Universit?degli studi Roma Tre,32615,22%,78%,1517,80%,20%,825,775,50
University of Palermo,28801,48%,52%,224,53%,47%,1452,1445,7
Universität Siegen,null,null,null,null,null,null,null,null,null
Universit?de Nantes,37468,37%,63%,4194,54%,46%,2090,1897,193
Universit?de Poitiers,26964,null,null,4187,null,null,1201,null,null
Universit?de Rennes 1,25635,37%,63%,2480,34%,66%,1765,1614,151
Universit?Lumière Lyon 2,26122,33%,67%,1677,100%,null,1726,1533,193
Universit Paul-Valery Montpellier 3,18049,35%,65%,5142,null,null,587,532,55
Universit?Toulouse 1 Capitole,21216,25%,75%,4534,43%,57%,429,359,70
Universiti Malaysia Sarawak (UNIMAS),14316,9.80%,90.20%,778,35.90%,64.10%,881,752,129
Universiti Tenaga Nasional (UNITEN),6332,8.90%,91.10%,538,67.10%,32.90%,603,559,44
Universiti Tunku Abdul Rahman (UTAR),18440,2.90%,97.10%,238,69.30%,30.70%,1146,1058,88
University of Arkansas Fayetteville,null,null,null,null,null,null,null,null,null
University of Bahrain,22051,4.40%,95.60%,2440,97.50%,2.50%,999,575,424
University of Bari,29558,39%,61%,406,67%,33%,1437,1374,63
University of Belgrade,101607,30.70%,69.30%,4604,54.50%,45.50%,3356,3258,98
University of Brighton,17412,12%,88%,3575,80%,20%,1041,814,227
University of Bucharest,30222,30.40%,69.60%,652,70.90%,29.10%,1713,1696,17
University of Calcutta,18735,83.70%,16.30%,8,37.50%,62.50%,623,622,1
University of Central Lancashire,17504,13%,87%,3061,80%,20%,1242,1064,178
University of Dhaka,33360,20.40%,79.60%,48,56.30%,43.80%,2268,2248,20
University of Engineering & Technology (UET) Lahore,12368,16.90%,83.10%,1033,99.80%,0.20%,819,811,8
UNIVERSITY OF GDANSK,27729,48.70%,51.30%,500,47.60%,52.40%,1719,1670,49
University of Kufa,23132,6.90%,93.10%,42,78.60%,21.40%,2258,2252,6
University of Kwazulu-Natal,31816,21.20%,78.80%,1052,33.70%,66.30%,1495,1225,270
University of Latvia,14619,31.10%,68.90%,735,66.50%,33.50%,1114,1094,20
University of Lincoln,null,null,null,null,null,null,null,null,null
University of Lodz,27467,33.70%,66.30%,1468,70.20%,29.80%,1902,1861,41
Universiti Malaysia Sabah (UMS),16453,9.70%,90.30%,647,83%,17%,889,780,109
University of Mississippi,21761,17%,83%,591,45%,55%,1944,1815,129
University of Montana Missoula,9886,16%,84%,250,67%,33%,724,719,5
University of Mumbai,32129,58.50%,41.50%,null,null,null,238,null,null
University of New England Australia,15137,25%,75%,752,35%,65%,552,null,null
University of New Hampshire,14079,11%,89%,211,null,100%,883,877,6
University of Ostrava,8591,34.80%,65.20%,null,null,null,828,759,69
University of Parma,null,null,null,null,null,null,null,null,null
University of Peradeniya,18688,35.10%,64.90%,233,24.90%,75.10%,1407,null,null
University of Salford,16769,16%,84%,3553,69%,31%,1046,912,134
University of San Diego,7432,26%,74%,655,72%,28%,599,581,18
University of San Francisco,10238,37%,63%,1684,70%,30%,734,715,19
University of Santo Tomas,34473,8.50%,91.50%,1213,80.10%,19.90%,1990,1750,240
University of Silesia,null,null,null,null,null,null,null,null,null
University of the Pacific,5596,39%,61%,264,77%,23%,578,558,20
University of the Punjab,43847,46.50%,53.50%,124,50.80%,49.20%,1406,1379,27
University of the Western Cape,16934,13.80%,86.20%,1139,42.50%,57.50%,731,630,101
University of Wroclaw,27572,5.70%,94.30%,1497,100%,null,1869,1820,49
Universit?de Toulouse II-Le Mirail,23708,28%,72%,4397,70%,30%,514,439,75
Utah State University,20393,9%,91%,469,56%,44%,976,972,4
Vellore Institute of Technology (VIT),30882,25.50%,74.50%,731,90.20%,9.80%,2466,2338,128
Verona University,18103,29%,71%,887,71%,29%,752,730,22
Vietnam National University  Hanoi,32944,18.60%,81.40%,420,55.20%,44.80%,2456,2352,104
Voronezh State University,15490,20.10%,79.90%,1475,70.20%,29.80%,1417,1386,31
Vytautas Magnus University,5960,27.40%,72.60%,472,35.60%,64.40%,413,364,49
Warsaw University of Life Sciences - SGGW (WULS-SGGW),15295,25.40%,74.60%,1044,43.70%,null,null,null,null
Wroclaw University of Science and Technology (WRUST),28274,19.70%,80.30%,923,68.60%,31.40%,2148,2133,15
Wuhan University of Technology,51497,27.80%,72.20%,1477,50%,50%,3539,3442,97
Xi'an Jiaotong Liverpool University,10015,8.20%,91.80%,568,73.10%,26.90%,625,250,375
Yeungnam University,22090,9.10%,90.90%,1306,52.80%,47.20%,1538,1357,181
